x_index,y_index,Y,X,v1,v2,v3,v4
0,0,1.53002463713,-0.0800098476238,0.23278414128698438,0.1719786990271719,0.21601744496327346,0.2345202095455547
0,1,1.52998484167,-0.0850399463755,0.23162059436629687,0.17133179062470316,0.21638567943721876,0.23698287782139063
0,2,1.52995770795,-0.0901011634612,0.23445655494302345,0.17207516782403126,0.21831813941522657,0.23542802780142189
0,3,1.5300109706,-0.0950531307172,0.2303990674781875,0.171362137586375,0.21465466900559377,0.23426534441216407
0,4,1.53005875474,-0.100051246056,0.23294771881209378,0.16813203659281253,0.21767258799071879,0.23615598479664843
0,5,1.53006073875,-0.105053780046,0.2333632007914063,0.17119769652983596,0.21513109163151561,0.23772822880684377
0,6,1.53006988009,-0.110077749146,0.23444619256586718,0.1741202569727969,0.21255604090818753,0.23517377947619536
0,7,1.53004063427,-0.115061805439,0.23290219836958598,0.17476309444138285,0.2128460641069297,0.2350765705095391
0,8,1.53006009171,-0.120097585366,0.235053625245836,0.16747871338543752,0.21590777647170314,0.2323650818203203
0,9,1.53003705805,-0.125061962136,0.23146688577181251,0.17302394214199218,0.21414481537717972,0.23594923070005472
0,10,1.53003887496,-0.130070151089,0.23324292319941406,0.17237185255094534,0.21330373576466405,0.23464862900531253
0,11,1.53003585033,-0.135061118972,0.23103573686513285,0.17495405824897658,0.2126898882797891,0.23339231413675
0,12,1.53002887704,-0.14010900594,0.23255148124749997,0.17506323329401563,0.2158167355866875,0.23418256875654686
0,13,1.53001973366,-0.145083235056,0.2333567859865,0.17265990196356248,0.21560307323865624,0.23354071818102348
0,14,1.53003175702,-0.150103332846,0.23225738711487504,0.16951763445256252,0.2156212073986797,0.23708218393580474
0,15,1.53003874508,-0.15508130896,0.23081491954239847,0.17276870692370314,0.21471289569628124,0.2321319283343047
0,16,1.53002959496,-0.160068795111,0.2360576655752969,0.16934196748743752,0.21804452331364846,0.23431925344570312
0,17,1.53004002586,-0.165096921116,0.23233276107252343,0.17129626247445312,0.2170905678071094,0.23316138116012503
0,18,1.53004512271,-0.170096556285,0.23180785732490627,0.17187334819275002,0.21498712860602343,0.23758697973727344
0,19,1.53003537484,-0.17508845077,0.23422759575252344,0.17018403399301563,0.21602632700083593,0.23314571423275784
0,20,1.53004131725,-0.180084401819,0.23225960762426562,0.17087128164941406,0.21750382927703127,0.23415061809364843
0,21,1.5300332417,-0.185088773483,0.23406377150414842,0.16910424962100784,0.21581883273444533,0.23714781232446094
0,22,1.53003170889,-0.190083645018,0.23245957683105473,0.17444556159852345,0.21442632662325783,0.23347940744951562
0,23,1.53003100131,-0.195110988168,0.23432986254612503,0.17274526821346875,0.21457658109202343,0.23233547502844537
0,24,1.53002708567,-0.2000926858,0.2340366319449297,0.17099328630426563,0.21552732919610937,0.23619064941546877
1,24,1.52499675259,-0.200006110318,0.2302766927384375,0.17485573902762502,0.21383530104045315,0.23496949261225786
1,23,1.52498281464,-0.194942210322,0.23316767260339843,0.17056028697309375,0.21712276519327345,0.23082972293833595
1,22,1.52499665011,-0.189968530951,0.23322947678143752,0.1730792081534922,0.2146430730121094,0.2344566783046563
1,21,1.52495118027,-0.184896014504,0.22991585996246094,0.17454129022558595,0.21424227106710156,0.23548995534109377
1,20,1.52494208984,-0.179900283894,0.2330961228563672,0.17304577715100003,0.21698558705758594,0.23509939241160943
1,19,1.52488842709,-0.174880488819,0.23276921452941407,0.17423695707743753,0.2140973211485469,0.2356408266180235
1,18,1.52484842361,-0.169880119499,0.2342694153460469,0.17343893067477345,0.21594515504644535,0.23286198247728906
1,17,1.52498102541,-0.164924430671,0.23244625377471095,0.17163834428224223,0.2180033205282891,0.2351478735333047
1,16,1.52497126367,-0.159895958214,0.23338367882245312,0.17462184537181252,0.2156192336125547,0.23370972361797654
1,15,1.52499828071,-0.15492043372,0.23601313202585156,0.16868741066373438,0.21477778391514066,0.2348498318284297
1,14,1.52498474293,-0.149899661649,0.23619237647832816,0.16889897586400784,0.21516193203971876,0.23417146620959378
1,13,1.52499555619,-0.14490725394,0.2339484283774688,0.17116722620653124,0.21575271089925785,0.23465590734164846
1,12,1.52499853517,-0.139912121083,0.23582142804846096,0.17144318617913282,0.21595983508075003,0.2329841104937735
1,11,1.52499283362,-0.134904336476,0.23236113424807034,0.17404488301514848,0.21628575651464063,0.2376299095854922
1,10,1.52498058031,-0.12990313655,0.23260909113002345,0.1738783448108516,0.21303517749003126,0.23207185121912505
1,9,1.52497851688,-0.124885103507,0.22990747137142975,0.17432207660407814,0.21672924158460155,0.2366477042650391
1,8,1.52499178676,-0.119914188658,0.2336086904407031,0.1701006415292344,0.21477852408493753,0.23403761883799223
1,7,1.52498971777,-0.114886045352,0.23396471211300005,0.17223652483975002,0.21569732152612503,0.23214426449758596
1,6,1.52498250185,-0.109896558484,0.23424906067663284,0.17081034100280473,0.21612674336994533,0.23085069441591405
1,5,1.52498687975,-0.104906423329,0.23114873612078907,0.17143911524525002,0.21507668915144534,0.23221519743645316
1,4,1.5249874464,-0.0998839800862,0.23176949185710155,0.17198721097983596,0.21466207070356252,0.23764964744674222
1,3,1.5249995289,-0.0948969575436,0.23022475749102345,0.17528738138083594,0.21807055261817188,0.2344836945022422
1,2,1.52498467729,-0.0898932011177,0.23382987784833595,0.1704973725403594,0.218542904310211,0.23241788059916407
1,1,1.52498808723,-0.0849198632231,0.23348027098094537,0.17232164436639066,0.21686901031457814,0.23532785815557816
1,0,1.52499728493,-0.0799357877196,0.2303634159663047,0.17285357972707815,0.2142835972140938,0.2341350745279141
2,0,1.51995849114,-0.0799538806864,0.23351999342671098,0.16825564494889064,0.21557741401903127,0.233867996592875
2,1,1.52002973935,-0.0850464081179,0.2329802862831563,0.17229413472227345,0.21481306534212502,0.2372282441090547
2,2,1.5200023911,-0.0900694693816,0.2338392533324297,0.17163797419734378,0.21396890168878907,0.23221889828543754
2,3,1.51995601096,-0.0950804196317,0.23056819627677347,0.17456460557418754,0.2164187403548125,0.2339490451856328
2,4,1.52001007482,-0.100058662593,0.2337012116653125,0.1694177115299844,0.21578934930420313,0.23438932285314068
2,5,1.52006020708,-0.105032293414,0.2328285514747969,0.17589444397590626,0.21241812260270315,0.23611009426924218
2,6,1.52005705393,-0.11005205113,0.23679314763012504,0.17039695617125,0.21740476988588284,0.2318948272760391
2,7,1.52003905758,-0.115080412236,0.23157087962827347,0.17116611595183598,0.21792979699513282,0.23319752611853906
2,8,1.52002443456,-0.120077233344,0.23386084161817192,0.17069228392020314,0.21525395981779688,0.23298620764153127
2,9,1.52002927562,-0.125053586708,0.2321120671114219,0.17155322475560159,0.21588433776146876,0.23681387238443752
2,10,1.52004469341,-0.130069843645,0.23312350913885163,0.17135066495452347,0.21627379043625786,0.23668705662590628
2,11,1.52001563635,-0.13506129662,0.23338960018082816,0.17211044925101565,0.2182906297711094,0.23246549818942971
2,12,1.52002484434,-0.140078162632,0.23094889027563278,0.17489731189788282,0.21049651844838282,0.2363283209976875
2,13,1.52002468262,-0.145076406008,0.2348008572602031,0.1711120835566641,0.21178564751127346,0.22886765616845314
2,14,1.52001920161,-0.150082037709,0.2310840946251953,0.16952565295869532,0.2170077921514922,0.23666263102260937
2,15,1.5200260567,-0.155088928664,0.23461445783302345,0.17163081922264065,0.21887227986982033,0.23357094178106252
2,16,1.52004191308,-0.160092411533,0.2336865316310078,0.1737343817853594,0.2134734813714141,0.2364349054484375
2,17,1.52002141512,-0.165080328571,0.23510605393978126,0.17070758076267187,0.21514910242990629,0.2327373872281485
2,18,1.52003089192,-0.170109121916,0.232908736536125,0.17132734960592186,0.2184413776864063,0.23576727229165625
2,19,1.52004825235,-0.175095934334,0.23359265342843752,0.17224059577363282,0.21523298834021878,0.23170805776396097
2,20,1.52003393457,-0.180086437354,0.234412761563375,0.17207023335871877,0.21862555660419533,0.23572779656915627
2,21,1.52003227796,-0.185107179063,0.23290380207081252,0.17465058863225785,0.21186225508525003,0.23394250701909378
2,22,1.5200343009,-0.190086788079,0.23382741061567974,0.1736910818522422,0.21625281895867973,0.2358166169447813
2,23,1.52003384221,-0.195102500034,0.23060051702457035,0.17269506002891408,0.2149628263643594,0.23707342525987501
2,24,1.52001493797,-0.200108950613,0.23183561369228906,0.1739516216207422,0.2139384313654844,0.2356038181281797
3,24,1.51499106932,-0.199998552126,0.2343267785053047,0.17131624705896875,0.2160079461175469,0.2359402253008594
3,23,1.51496697414,-0.194931598486,0.23351345526017192,0.17299717266767187,0.21431961881087505,0.23390549852925
3,22,1.51495402728,-0.18993221097,0.23474670150339846,0.1735735182161719,0.21774734514020316,0.2336547043297422
3,21,1.51489382556,-0.184892808361,0.23096813469035155,0.1751428015471797,0.2143204823423047,0.23211095685672656
3,20,1.51488819633,-0.179874644459,0.23431604604325001,0.17529231584614843,0.21641059848704688,0.2344204099846094
3,19,1.5149723413,-0.174888293374,0.2319086437789141,0.1733772498583672,0.21676156233239846,0.2356980664156485
3,18,1.51498053015,-0.169928871407,0.23349519773851565,0.17453425861251565,0.21641109193357813,0.23572952363201566
3,17,1.51496313613,-0.164921769684,0.2347668094495469,0.17192664041812505,0.21375425244769533,0.23600597705114845
3,16,1.51496608754,-0.159937860682,0.23460952336771093,0.17199202208351566,0.21277648814602346,0.2359413355555547
3,15,1.51498031041,-0.154894402628,0.2323570633141875,0.1704638181762344,0.2142337591144375,0.23591567633592975
3,14,1.51499243928,-0.149891366118,0.23636125855364845,0.17192318629240627,0.21315693542161718,0.23364594565381253
3,13,1.51500154785,-0.144909833313,0.23351530568466408,0.17109148216398437,0.21748668201007035,0.2360798706692032
3,12,1.51499443002,-0.13989857625,0.23395410301257816,0.1732970647970391,0.21326709735971877,0.23519980878071878
3,11,1.51499997328,-0.134887630041,0.23404131968697656,0.17093345591235157,0.21470968829382814,0.2319130847976953
3,10,1.514978844,-0.12989867685,0.2346841571555625,0.17107544515171877,0.2147458332522422,0.23360400269865628
3,9,1.51500224599,-0.124890566409,0.23564933857068748,0.17141296257909377,0.21191591739552346,0.23507620042464067
3,8,1.51499873978,-0.119893446907,0.23311721769557817,0.17131390318794532,0.21631869407060159,0.23375660103844537
3,7,1.51496803118,-0.114898483079,0.23478259973854693,0.1710373264071797,0.21457411385936723,0.2341430930340469
3,6,1.51498838806,-0.109905102927,0.2361236640488516,0.16934036378621092,0.21616177807366407,0.23752431202780472
3,5,1.5149801,-0.104893009665,0.23653014062896877,0.1713124228483516,0.21536091435344534,0.23231364001943752
3,4,1.51498944503,-0.0998756941598,0.23330694788684378,0.17144219928607035,0.21454426034422655,0.23471302377764064
3,3,1.51499720625,-0.0948938750476,0.23474003997522658,0.17160886085200003,0.21418675833233597,0.23117476542531254
3,2,1.51500154559,-0.0898936106528,0.23220014731725006,0.17503991794541407,0.2138327104461641,0.23253643112829686
3,1,1.5149919979,-0.0849002556624,0.2330003942293047,0.17298483650439064,0.21538176246939064,0.23052156557957032
3,0,1.51499929006,-0.0799320711692,0.23104190494677349,0.1730873500212578,0.21509692045922657,0.23273245276283597
4,0,1.50999009155,-0.0799496932766,0.2370950135456172,0.1717874884963125,0.215501299891586,0.23390068742557032
4,1,1.50999932031,-0.0850456256774,0.23549501316803906,0.17069253064346876,0.2181068209382188,0.23480764215000782
4,2,1.50998203918,-0.0900890899591,0.23507965455035937,0.16948383336517187,0.21823450022817972,0.23160850492628127
4,3,1.50991833121,-0.0950698314359,0.23354737970919537,0.17122829021477343,0.2172061576570547,0.23367049461874217
4,4,1.51005413415,-0.100044248167,0.2321368627996172,0.1743867180996719,0.21695881758326566,0.23259021680020314
4,5,1.51003206245,-0.10504292912,0.23580736482232037,0.1714291229529922,0.21595576414686724,0.23368011682610157
4,6,1.51003158335,-0.110078513873,0.23623074194613283,0.17446603962957033,0.21280979578688286,0.2326567087202891
4,7,1.51002957089,-0.115073814429,0.23247080273964066,0.17232670219333596,0.2156873292338672,0.2331300473053906
4,8,1.51002686819,-0.120080525568,0.23363817387094535,0.17280768919967188,0.21505732137509376,0.23265103408517973
4,9,1.51003257254,-0.125088164413,0.23309229864575004,0.17388661004025002,0.21625355912847657,0.23756995583194537
4,10,1.51001464123,-0.130081615177,0.2331987597348672,0.17069117366550784,0.2186112466547891,0.2341112657327813
4,11,1.51003012467,-0.135091846698,0.23510087275120312,0.1711471182603828,0.2161491951871172,0.2350204409666094
4,12,1.51002344868,-0.140089473131,0.23380212148095314,0.17198091953656253,0.21393102966751565,0.23519993214235155
4,13,1.51003437987,-0.145094232739,0.23371749540084377,0.1702149977628516,0.2130876061839766,0.23727413463646094
4,14,1.51002885047,-0.150090891949,0.23342019386576562,0.17034576109363284,0.21659675119096095,0.2327842646486172
4,15,1.51003120644,-0.155067703164,0.23621618527346094,0.1709190226013125,0.21453081392625,0.23608961623819535
4,16,1.51003312725,-0.160090358136,0.23214130381839845,0.17056966245718752,0.21713251076226564,0.23805587730359376
4,17,1.51002649948,-0.165105309877,0.23267718675133597,0.17030542183970315,0.21741982000508595,0.2369774499095469
4,18,1.51003359481,-0.170073130326,0.2333527150526172,0.16985379490197658,0.2156564888256641,0.23140767218806255
4,19,1.51003938669,-0.175091187687,0.23261562929656257,0.1722451601540469,0.215120975977625,0.23565612346049222
4,20,1.51004168723,-0.180090751968,0.23387675526880466,0.17338243104694534,0.21759696730980468,0.23425720254439844
4,21,1.5100322517,-0.185094343786,0.23420563738188283,0.16963815876782035,0.2166150087126172,0.23335962330405474
4,22,1.51003104012,-0.190122389436,0.2334933473140235,0.1742439886905078,0.21451416010582033,0.23235163540234377
4,23,1.51002058453,-0.195126734351,0.23127024732910942,0.1730711896473594,0.21553177021489067,0.23156582180132818
4,24,1.51004156926,-0.200081119789,0.23237840487666409,0.17398332556037502,0.21351073658452346,0.2359727927719219
5,24,1.5049715195,-0.200014694763,0.2334854521695235,0.1697457301116328,0.2184445850888594,0.23377115771111717
5,23,1.50497833948,-0.194926457366,0.2321447579441172,0.17214499050820314,0.21546281106214846,0.23487882181214065
5,22,1.50498597833,-0.189955385337,0.2354934094668125,0.17373672565638282,0.213916966441375,0.23278870566739845
5,21,1.50495549697,-0.184898666974,0.23575370251204686,0.17128441975770314,0.21354725162783597,0.23574445038958594
5,20,1.5049671637,-0.179922696259,0.23650053383709374,0.1719539033389766,0.21348038962285157,0.23697510603852345
5,19,1.50497146413,-0.174886197735,0.23484613097944534,0.17022091912122658,0.21609158530459377,0.2332767242868047
5,18,1.50493309357,-0.169887016982,0.2375932711805469,0.17055251519022657,0.21722244139258598,0.2327457758191797
5,17,1.50488773866,-0.164908021399,0.23564181351108598,0.17052586907753908,0.21455869365526564,0.2326794072607266
5,16,1.50496842647,-0.159905056353,0.23292205959246876,0.17331088129991407,0.21230499998541408,0.23513294677573437
5,15,1.50498295495,-0.154927601569,0.23406611537517188,0.1718492926743516,0.21572347419228127,0.2328851744642578
5,14,1.50497576633,-0.149900815321,0.2313961995562109,0.17324636316595315,0.21731730648821873,0.23433467364980473
5,13,1.50500140552,-0.144902872457,0.23487721811091414,0.16977842094432813,0.21430728264759374,0.23578108879453125
5,12,1.50498025272,-0.139899441276,0.2336160921386719,0.17137817459864063,0.21540483109472658,0.23199104934963283
5,11,1.50498461011,-0.134915222547,0.23266077965417184,0.1739255923162188,0.21568177796039065,0.23424165897866409
5,10,1.50499374626,-0.129891715618,0.23286407962504688,0.17175035664483596,0.21369146137659376,0.2375784677846094
5,9,1.50499906687,-0.124906735748,0.23106682399660156,0.1729378357222891,0.21273429846760158,0.2370131014214297
5,8,1.50499071854,-0.11989342727,0.23446728740507816,0.17329644798887503,0.21293093691030474,0.23443669372014062
5,7,1.50501003606,-0.114907823317,0.23151092587472655,0.17237283944400783,0.21423647307035937,0.23357710986270314
5,6,1.50498045997,-0.109913854744,0.23216585278332813,0.17353626300306252,0.21533648875014846,0.23062703977562501
5,5,1.5049947303,-0.104889173514,0.23426349398767185,0.17347840639727344,0.21545701306540627,0.23401047927877347
5,4,1.50496228835,-0.0998812020222,0.23472437304785937,0.17326597766557034,0.2141240906228672,0.23454722574314063
5,3,1.50498804518,-0.0949121284591,0.23432788876000005,0.17051957763426567,0.2149006521014219,0.23057547461310937
5,2,1.50497830763,-0.0898940994325,0.233346917055875,0.17074569950721097,0.21724106899914064,0.2378640499645704
5,1,1.50499900457,-0.0848961625215,0.2313610414908594,0.17218125882825003,0.21637988144047657,0.23425818943746096
5,0,1.50499556912,-0.0798991546176,0.2330503556905938,0.17156099653846876,0.21599573331589847,0.2355217826423594
6,0,1.49998070689,-0.0799753312679,0.2351195003577579,0.1719313281601719,0.2158336361303828,0.23661464334744534
6,1,1.50002059253,-0.0850441683273,0.2327318359546719,0.16894054873426564,0.21782938062602347,0.23541470474507817
6,2,1.50000954088,-0.0900723036127,0.23283064862255473,0.16937552185156252,0.21509729054412502,0.23220347808133593
6,3,1.49995383128,-0.0950818289123,0.23563761921557033,0.17226699516305471,0.21345806116731253,0.2339690297701485
6,4,1.49989712908,-0.10006628567,0.2330188984742266,0.1720215055137578,0.21407721320239848,0.23414876766915627
6,5,1.50003532706,-0.105053789972,0.23348446527646094,0.17328065769987502,0.21332112975489065,0.23417516705857816
6,6,1.50000833827,-0.110068179564,0.23576912271614847,0.1705279662252969,0.21805661275366406,0.2355738412514063
6,7,1.50002562779,-0.115064814716,0.23140594512520313,0.17077592310725,0.21482873226949223,0.23449306998633596
6,8,1.50001503338,-0.120074407033,0.23343610751639843,0.1723327469133438,0.21462296506596096,0.23069649237489848
6,9,1.50002728676,-0.125079537491,0.23459422652524217,0.17168312455495313,0.2121404355672422,0.23533007866496874
6,10,1.50001041981,-0.13011000413,0.23362892174848443,0.17156445066418752,0.2131334967113828,0.2343080275371172
6,11,1.50001867263,-0.135062387274,0.23258997007693752,0.17165364112471096,0.2182279620616406,0.23870475949218753
6,12,1.50003207926,-0.140094573158,0.2344966474736875,0.17033478190831253,0.21557556359453905,0.23487006313621098
6,13,1.50003189351,-0.145097282753,0.23154077938986722,0.17068537566876563,0.21559061371374216,0.23306478900163285
6,14,1.50004021568,-0.150086321891,0.23225208256466406,0.17218927733438283,0.21667767642208596,0.2350954448393594
6,15,1.50003217122,-0.155098691266,0.23402528267471095,0.1721822457213125,0.21541790742780473,0.2362947666335625
6,16,1.50003058247,-0.16007748559,0.23235360918846876,0.1714861160273516,0.21416282617557036,0.23537559910747657
6,17,1.50002652625,-0.165095130812,0.2353718982584922,0.17161687935813283,0.21766049855070319,0.23430975459997655
6,18,1.50003355371,-0.170100929387,0.23346028639642974,0.1716710351149375,0.2149084238842891,0.23418293884144536
6,19,1.50002456156,-0.175089615512,0.23419404138839844,0.1710648360512969,0.21464652713782817,0.23632943125238284
6,20,1.50003289121,-0.180068593196,0.23562096539514066,0.17165882231328908,0.21144948706185937,0.23379175910379688
6,21,1.50003679014,-0.185135678664,0.23338639277837497,0.1755936883151094,0.21573161606004687,0.23295129629944533
6,22,1.5000261658,-0.190110967872,0.23462235297752346,0.1715257151114844,0.21401294179170316,0.23637692548101566
6,23,1.50004839657,-0.195090767914,0.23538102701932034,0.169743632963875,0.2156820246836563,0.23435095738533596
6,24,1.5000282297,-0.200117973672,0.2303811800414297,0.1747322540331797,0.21400517000883595,0.2352947972379844
7,24,1.49494560111,-0.200019582658,0.23240603788241407,0.1682821676999453,0.21657491618195315,0.23358204432801566
7,23,1.49497609284,-0.194951078016,0.23242158144814842,0.1750536110866563,0.2137696726517969,0.23642972425985942
7,22,1.49497475191,-0.189960170226,0.23345843597193752,0.1730019837713516,0.21509223271717973,0.23269470410319534
7,21,1.49496322873,-0.184895942209,0.23445211392424223,0.17135350227207816,0.21536671235018753,0.2353026923824844
7,20,1.49496488598,-0.179917034459,0.2340822757490703,0.1706394851413594,0.21466922567826563,0.23483712558025002
7,19,1.49497896347,-0.174894913032,0.23394189021092968,0.17291131297123438,0.21514885570664063,0.23443336295605474
7,18,1.49498456487,-0.16988969288,0.23398889099303127,0.17179575372571093,0.21679018223121096,0.23627897634456252
7,17,1.49498211203,-0.164879978747,0.2316511880512344,0.1741578822708047,0.2138989556429844,0.23505078792828132
7,16,1.49496006266,-0.15991562456,0.23641159009983595,0.17525617088773437,0.21373809207379688,0.23361276137458592
7,15,1.49491753115,-0.154886856007,0.23498269230696875,0.16747809657727344,0.21285864699347662,0.23269063316931252
7,14,1.4949068749,-0.149883518336,0.23432788876,0.1709821837573125,0.2143648925301172,0.23270913741423435
7,13,1.49497207472,-0.144883176955,0.23377843604745313,0.17109135880235157,0.21492063668593747,0.23276205955471094
7,12,1.49500796377,-0.139897083355,0.23282127313846096,0.1733781133897969,0.21480467675109374,0.23375931499436717
7,11,1.49498442617,-0.134883585356,0.23127764902707812,0.17505163730053125,0.21436945691053128,0.23343709440946098
7,10,1.4949921177,-0.129894148189,0.23157063290500787,0.175664991338875,0.2172452632946563,0.23516045641985156
7,9,1.49498641747,-0.124896719566,0.2348468711492422,0.1694374493912344,0.21177873925983595,0.23446420336425783
7,8,1.4949942611,-0.119910415724,0.2356696932401016,0.17391597010885937,0.2176835671760391,0.23393781927704693
7,7,1.49498850723,-0.114905734449,0.23403761883799218,0.1717242039786797,0.21690133106237502,0.23659663254905472
7,6,1.49499390163,-0.109881910646,0.2347156143719297,0.1706071643935625,0.2167127111258047,0.23785615482007033
7,5,1.4949751121,-0.104885805785,0.23511431916917971,0.17157456631807816,0.2176601284658047,0.23466565291064065
7,4,1.49499578128,-0.0999110974562,0.23198993909493754,0.1743118375885547,0.21725574903344533,0.23603286988710162
7,3,1.49497344232,-0.0948915163182,0.23612625464314063,0.17054918442614064,0.21339502337294536,0.23530824365596095
7,2,1.49499532071,-0.0899015612118,0.23460236839300785,0.1726714979570469,0.21764902591885157,0.23233202090272656
7,1,1.49498934842,-0.0849087080459,0.23005525860753911,0.17512380385572657,0.21445198584288283,0.2334135323375938
7,0,1.49498341191,-0.0798986883399,0.23517562990068752,0.17523495268689065,0.21482071376335937,0.23387305441982034
8,0,1.48998120708,-0.0799661924836,0.23572841337732037,0.17219063431234377,0.2147249851362969,0.2355711272954844
8,1,1.49001039447,-0.0850376774155,0.23180341630612503,0.17487695722846874,0.21566968852037505,0.23770676388273437
8,2,1.48996965285,-0.0900891049586,0.23059003128578123,0.1741735491981719,0.2143982001709766,0.23654691781103127
8,3,1.48990064182,-0.0950795385365,0.2318686746098828,0.1737415367600625,0.21810460042882815,0.23193269929731253
8,4,1.49003288976,-0.100072092057,0.23242244497957812,0.17161354859404687,0.21613007413403124,0.23520807401011723
8,5,1.49000845271,-0.105054492548,0.23430556030446095,0.17143899188361716,0.21650410660471878,0.23576246118797659
8,6,1.49003071878,-0.110081525032,0.2346681201432969,0.17226058035814845,0.21460729813859375,0.2352158457929844
8,7,1.49001619575,-0.11505390028,0.2357142267895469,0.17091125081844533,0.21467354333541405,0.23451416482554688
8,8,1.49003075604,-0.120077920292,0.23570472794382033,0.17105447367414062,0.2189668982421875,0.23783851410657814
8,9,1.49001274193,-0.125082896252,0.23463012476039066,0.17112219921055472,0.21738034428258596,0.2314807022746875
8,10,1.49003156699,-0.130086239111,0.23437711005149225,0.17244734987022656,0.214216981932375,0.23418824339165623
8,11,1.49002595108,-0.135084213091,0.2314623213913985,0.1706748899299766,0.21845507082764848,0.23905152904202343
8,12,1.49003177354,-0.140102015868,0.23366000887995314,0.17062949284910156,0.21501796901422657,0.23656184456860158
8,13,1.49003158903,-0.145074335273,0.2366102023286641,0.17033367165361718,0.2166733587649375,0.23743364122768748
8,14,1.49004375661,-0.150081101914,0.2296407635212891,0.1727202258020078,0.21565241789178127,0.23124212087682813
8,15,1.49002969892,-0.155106110044,0.2358501713089063,0.17280953962416407,0.21523940314512502,0.23592603871308593
8,16,1.49002566932,-0.160096255967,0.23472486649439067,0.17243328664408594,0.2182935904502969,0.23400973910897654
8,17,1.49002291883,-0.165090358432,0.23538028684952347,0.17177256173874222,0.2139325100071094,0.2363124073470547
8,18,1.49003887784,-0.17010089446,0.2362856378727344,0.17164784312796877,0.21573223286821097,0.23942013360086722
8,19,1.49002480728,-0.17510568301,0.23711709527789065,0.1714355377578985,0.21756094571302348,0.23374192100414065
8,20,1.49002221682,-0.18012278611,0.23083194344772656,0.17360349509294531,0.21929158605975005,0.2378098942077656
8,21,1.49002707948,-0.18511406208,0.2295308483064531,0.17538298664626562,0.2140844915387344,0.23307700180328128
8,22,1.49003274078,-0.190100188024,0.2305409333559219,0.17480244680225004,0.2154741603323672,0.23198105705737498
8,23,1.49002903086,-0.195119489776,0.23028360098987505,0.17286073470178126,0.21499181634807032,0.23428409538035155
8,24,1.49001708769,-0.200135968076,0.232880486722211,0.17473903892298442,0.2139610065442891,0.23371663186941408
9,24,1.4849537216,-0.20001526635,0.2325295228768594,0.17294795137617971,0.21352615678862502,0.2368954144237266
9,23,1.48495805691,-0.194932986507,0.2336732085746641,0.17223751173281254,0.21340711281296093,0.23738047236394536
9,22,1.48498939083,-0.189938316522,0.23322565257082034,0.1717282749125625,0.21385602579476565,0.23469698676537504
9,21,1.48496239086,-0.184917019381,0.2346201324681328,0.17268765833094535,0.2150824871481875,0.23626515984168753
9,20,1.4849753415,-0.179918431568,0.23497751111839066,0.17130835191446875,0.2160820864588672,0.2346364162036641
9,19,1.48494807158,-0.174910296987,0.23442090343114064,0.1725688610785469,0.21406277989135938,0.23213735624614848
9,18,1.48498953798,-0.169895397234,0.23417492033531256,0.17459445908932814,0.21311980357014065,0.23393843608521095
9,17,1.484987555,-0.164884194729,0.23506522123932036,0.17180870669715625,0.21838376780388283,0.23713609296934374
9,16,1.48497521968,-0.159877241903,0.23164366299163283,0.17544516090920312,0.21278463001378908,0.23408881391560937
9,15,1.48492766325,-0.154907024116,0.2328085668902813,0.17483217695575784,0.2148574755299375,0.23462642391140628
9,14,1.48487373779,-0.149874643435,0.23420193653289845,0.17439584686050003,0.2144476681857344,0.23763163664835157
9,13,1.4849083886,-0.144880218945,0.23452822805168752,0.17498230806289067,0.21186200836198438,0.23704764267861717
9,12,1.48497745273,-0.139889470029,0.23561627765309376,0.17390264705251565,0.2115196798309297,0.2362079200440625
9,11,1.48499161524,-0.13488805431,0.234235120812125,0.17329299386315627,0.21504227125589065,0.2336918361812188
9,10,1.48498562849,-0.129902073296,0.23371934582533593,0.17220987872706253,0.2149818240558125,0.23271727928199998
9,9,1.48499852928,-0.124895519187,0.23389390253576567,0.1721694161115,0.21156236295588285,0.2366844660316172
9,8,1.48499538804,-0.119889468084,0.23265744889008594,0.17062418829889064,0.21673022847766407,0.23381001662545314
9,7,1.48499668365,-0.11488066938,0.23376782694703127,0.1708399477946797,0.21672689771357811,0.23466367912451563
9,6,1.48498429308,-0.109911142591,0.232246901376086,0.17381407340015625,0.21478432208167972,0.23661007896703126
9,5,1.48499346596,-0.104908271728,0.2326940872950313,0.17358881505864063,0.21254937938001564,0.2356048050212422
9,4,1.48497892987,-0.099880271982,0.23511185193652345,0.17006202933816408,0.21479480782046875,0.23251817360664068
9,3,1.48499931205,-0.094911071206,0.23262192073983598,0.17342721131965627,0.21735197110703908,0.2382961857643125
9,2,1.48500225506,-0.089880167718,0.23017701653912498,0.17133623164348438,0.21746842448841405,0.2326184666141172
9,1,1.48500106565,-0.0849016015909,0.23322207508346876,0.1715720990854219,0.2164844921051016,0.23413445771975
9,0,1.48499176033,-0.0798922442759,0.23205161991134376,0.17084031787957815,0.21421254091359376,0.235328598325375
10,0,1.47997305226,-0.0799894113637,0.2312713575838047,0.1726027855275703,0.2176956566160547,0.23450417253328903
10,1,1.48002314198,-0.0850395508283,0.23222839713116405,0.17278153653351563,0.21285395925142972,0.23636187536181255
10,2,1.47999718141,-0.0900706757241,0.2338774954386016,0.17495862262939063,0.2137991560820391,0.23379064884910158
10,3,1.47993754496,-0.0950577041013,0.23342438816128125,0.16951356351867972,0.21813001292518752,0.2347169713498906
10,4,1.48003093151,-0.100080025842,0.23187323899029688,0.172680626717875,0.21784677461625002,0.23409633897521095
10,5,1.48001934866,-0.105052437146,0.23304825854283595,0.17190825953483596,0.21494049790882036,0.23506189047523446
10,6,1.48002527066,-0.110055372304,0.2314926683530704,0.17320836778304688,0.21432072906557034,0.23359795797864846
10,7,1.48002734519,-0.115077768166,0.23198253739696878,0.17369145193714064,0.2106066803864844,0.23374438823679694
10,8,1.480009368,-0.120075568051,0.23524828990241406,0.17111233027992973,0.2153874371045,0.23646562249500783
10,9,1.48001147937,-0.125086811533,0.23378707136175003,0.1715902332454453,0.21871462370308592,0.23152153497514844
10,10,1.48001748309,-0.130097044982,0.2384101719130313,0.1730269028211797,0.21484698979114847,0.2340944885507188
10,11,1.48000968757,-0.135086458316,0.233417356548211,0.17404858386413283,0.21408806902608596,0.23357994718025782
10,12,1.48004336608,-0.140075594358,0.22999148064337502,0.17376756606458596,0.21276896308642188,0.2340186211465391
10,13,1.48002399079,-0.145077044257,0.23156113405928128,0.17529342610084378,0.21285531622939063,0.23643626242639842
10,14,1.48002505225,-0.150096095113,0.233844311159375,0.17344374177845315,0.21423425256096876,0.23615771185950787
10,15,1.48003358737,-0.155105415538,0.23526815112529692,0.1715080743979922,0.21637667403802344,0.23243823526857815
10,16,1.48003944498,-0.160097000098,0.23189630761563285,0.1720021377374063,0.21406327333789066,0.23713930037179692
10,17,1.48002932915,-0.165099751383,0.23168313871413285,0.17246708773147656,0.21346015831507031,0.2366259926176641
10,18,1.48002919203,-0.170116791502,0.23306737959592194,0.17298076557050784,0.21448356642088284,0.23832529910965622
10,19,1.48001649173,-0.175112000883,0.23356551386921875,0.1736604881673047,0.21361028942220311,0.23708119704274222
10,20,1.4800297561,-0.180115401259,0.2330879809886016,0.1732619067316875,0.21597180115913286,0.23488449644725
10,21,1.48002853261,-0.185119255909,0.23441831283685155,0.17178761185794533,0.21618200938144533,0.23227613808306252
10,22,1.48002718561,-0.190107979628,0.23310093396004689,0.17299310173378907,0.2133120009940625,0.2365011506452578
10,23,1.48002151859,-0.195135180867,0.2360609963393828,0.1724715287502578,0.21321873959965626,0.2338737945896172
10,24,1.48003062568,-0.200117106875,0.2341813351402188,0.17157629338093755,0.21427582543122656,0.2323458374056016
11,24,1.47496296266,-0.200007241255,0.23636261553160942,0.17161021782996094,0.21536387503263285,0.23542728763162507
11,23,1.47497592291,-0.194964731274,0.23180637698531253,0.1731402721617344,0.21593257215989844,0.2375836489731875
11,22,1.47498322903,-0.189937315811,0.233966069090961,0.17264386495129688,0.21681399102634374,0.23432986254612503
11,21,1.47496162048,-0.184939104274,0.23367616925385154,0.17149105049266408,0.21415517775433596,0.23748138217958595
11,20,1.47496047687,-0.179934158359,0.2335346734610156,0.17206702595626563,0.21345707427425004,0.2350019367216875
11,19,1.47497080473,-0.174915700873,0.23547712573128127,0.17458162947951564,0.2145511685956641,0.23349347067565632
11,18,1.47496464304,-0.169909302957,0.2342076111680078,0.17390079662802344,0.21339687379743752,0.2336513735656563
11,17,1.47497643712,-0.16489940227,0.231838944456375,0.17382529930874221,0.2151916621932266,0.23470821267396094
11,16,1.47497276312,-0.159878508936,0.23494519037059378,0.1710489224006641,0.214260405227125,0.2349582667036719
11,15,1.47494303858,-0.154867304772,0.23316865949646096,0.1718489225894531,0.21638901020130472,0.23295425697863284
11,14,1.47489417713,-0.149896106569,0.23320924547365623,0.17271356427383594,0.21091927876403133,0.23527493601510158
11,13,1.47495840032,-0.144902590541,0.23320344747691407,0.17088670185351565,0.21527690508150005,0.23298497402520316
11,12,1.47498861224,-0.139897503531,0.23316101107522655,0.17371118979839067,0.21506780711388282,0.23287949982914843
11,11,1.47498283136,-0.134905980909,0.2312877646809688,0.17426890774033596,0.21487906381567973,0.2319837710132969
11,10,1.47498052588,-0.129899339959,0.23191074092667185,0.17264250797333597,0.21639345122008596,0.2328491528674766
11,9,1.47498588779,-0.124899798397,0.2324806716702657,0.1719323150532344,0.21670247211028126,0.23346003967316403
11,8,1.4749849051,-0.119876445369,0.2299726063135547,0.1742270881468125,0.2134084697909219,0.23472992432133594
11,7,1.47499275134,-0.114897332586,0.23233251434925783,0.16880620791613282,0.21621618055373437,0.23561047965635162
11,6,1.47500311051,-0.109912603974,0.23622099637714067,0.1724495703796172,0.2164589562471094,0.2366544891548438
11,5,1.47497201758,-0.104919138911,0.23465837457430472,0.17552028814358595,0.2172355177256641,0.23565081891028128
11,4,1.47498596261,-0.0999162484583,0.23143567527871092,0.17306156744,0.21273590216882815,0.235486501215375
11,3,1.47499388054,-0.0949083582596,0.23603175963240627,0.17161034119159374,0.2161619014352969,0.2281475943177266
11,2,1.47499020802,-0.089905337617,0.23472474313275785,0.17399775887141405,0.21621346659781251,0.23393276145010158
11,1,1.47500837534,-0.0849061777686,0.23350481994587505,0.17132488237326565,0.21595218665951563,0.2316093684577109
11,0,1.47500619278,-0.0799140185595,0.23555064926443756,0.17138421931864845,0.21338774503660943,0.23625825159025005
12,0,1.46999151805,-0.0799788479953,0.23558679422285161,0.1720250830011094,0.2133305052389844,0.2356214588416719
12,1,1.46998674735,-0.0850352475909,0.23277192848533595,0.17178230730773442,0.21451662733847657,0.23222346266585162
12,2,1.46995967745,-0.0900988538368,0.23669791244959376,0.1689242649987344,0.21458250245039845,0.23165673932471095
12,3,1.47002816849,-0.0950213789818,0.2331137635698594,0.1720005340361797,0.21581587205525782,0.23291145049204692
12,4,1.4700141492,-0.100050202365,0.23344548300049223,0.17157098883072658,0.21533550185708594,0.2365850365555703
12,5,1.47002019542,-0.105070513568,0.2328595152446328,0.17070634714634375,0.21536128443834376,0.231006006711625
12,6,1.47001101608,-0.110070345208,0.233042953992625,0.17359411960885157,0.21308156146396878,0.23600560696625003
12,7,1.47001834709,-0.115085629574,0.23340107281267972,0.1715491538217188,0.21431011996514843,0.2326829847480781
12,8,1.47000921172,-0.120071288254,0.23424659344397664,0.17284210709522657,0.21551820043528128,0.23492989352812504
12,9,1.47000276435,-0.125075887356,0.23332310826074223,0.1732039267642656,0.2115059866896875,0.234753609754836
12,10,1.47000599829,-0.130099252058,0.23646944670562503,0.17166499039492972,0.21474484635917973,0.22807407078457037
12,11,1.47003230909,-0.135079657969,0.23330805814153907,0.1715091846526875,0.2151344223956016,0.23568980118625005
12,12,1.47002300675,-0.140088303089,0.23100045543814848,0.17405191462821878,0.21566672784118754,0.23274639262734378
12,13,1.47002791233,-0.145086438588,0.23121362433964845,0.17563624807842973,0.21077704280139847,0.23611268486353126
12,14,1.47001516878,-0.150084522895,0.23292933792880474,0.17337527607224218,0.2123111680670547,0.23480714870347658
12,15,1.47003891587,-0.155098078726,0.23453155881577348,0.17257922345570315,0.21596476954606253,0.23569930003197656
12,16,1.47002827771,-0.160096073756,0.23495839006530472,0.17278856814658594,0.2155410223373516,0.23272085676935156
12,17,1.47003217398,-0.165121321052,0.23254444963442972,0.17288713409120315,0.21240652660921877,0.23651829791221876
12,18,1.47001191547,-0.170116403497,0.23150586804778123,0.17290724203735156,0.21774734514020314,0.2329479655353594
12,19,1.4700240848,-0.175107605392,0.23546614654596096,0.17114070345547655,0.21832184026421095,0.23380643913810156
12,20,1.47002537169,-0.180103858299,0.23301680132646876,0.16993336315514063,0.21698780756697658,0.23469291583149224
12,21,1.47002656069,-0.185118909482,0.23367838976324223,0.17070819757083594,0.21835576471323437,0.23377794260092194
12,22,1.47000991367,-0.190116156,0.23380039441809375,0.16863078767427345,0.21720837816644534,0.23424967748479686
12,23,1.47002508124,-0.195101914607,0.23384492796753906,0.17146132033915626,0.21222000382040623,0.23656813601187504
12,24,1.47003821437,-0.200127139069,0.23396125798728126,0.1750749526491328,0.2099137580949766,0.23625097325391406
13,24,1.46496122424,-0.200020051153,0.233143000276836,0.17084512898325782,0.21707884845199218,0.235949724146586
13,23,1.46496636341,-0.19492950777,0.23439043310783597,0.1705329006906094,0.21353318840169533,0.23764742693735158
13,22,1.46501384319,-0.189956349204,0.23410423411971096,0.17212710307144535,0.21435823100194534,0.23352739512467974
13,21,1.4649581235,-0.184925242388,0.23048924483177347,0.17530058107554689,0.21211033532883591,0.23657319383882033
13,20,1.46498637558,-0.179945817447,0.23123965364417193,0.17264929286314062,0.2142462186393516,0.23305343973141407
13,19,1.46493360777,-0.174903699181,0.23438710234375004,0.17218224572131252,0.2139961646096406,0.23561726454615628
13,18,1.46489486361,-0.169896966484,0.23503191359846096,0.17060334018294532,0.2132663571899219,0.23539595377689065
13,17,1.46486849768,-0.164884586663,0.2328681505589297,0.1739382985643985,0.21225195448330472,0.2362005183460938
13,16,1.46499434203,-0.159919742276,0.23450478934145313,0.17216189105189844,0.21709044444547657,0.23308440350124998
13,15,1.46500832365,-0.154880510957,0.23359425712966408,0.17293253117207813,0.21490990422388284,0.23566734936907813
13,14,1.46499739083,-0.149887413859,0.23141470380113285,0.17322415807204689,0.21724291942363286,0.23505239162950783
13,13,1.46496939522,-0.14490884899,0.2334845886380938,0.17154816692865626,0.2144860336535391,0.23279475038740624
13,12,1.46497517751,-0.139916586554,0.23444619256586724,0.17396667173994534,0.21605667396250783,0.23271703255873435
13,11,1.46497140188,-0.1348878056,0.2326341335414844,0.1723329936366094,0.21760806985675782,0.23269865167544532
13,10,1.46497691222,-0.129901172286,0.2341162001980938,0.17080602334565625,0.21527320423251567,0.23379286935849222
13,9,1.46497300384,-0.124873481106,0.23185794214782812,0.17000269239278126,0.218484307534625,0.2317946576301953
13,8,1.46499596094,-0.119905791306,0.23544172094266408,0.16949518263539065,0.2147851856131094,0.2317941641836641
13,7,1.46498839022,-0.114884812016,0.2312118972767891,0.17195538367857033,0.21492779166064063,0.2324415660326641
13,6,1.46500774478,-0.109897705299,0.23387502820594536,0.17366233859179686,0.20930472171378126,0.23595934635394533
13,5,1.4649991869,-0.104894727785,0.23307811205797657,0.17563649480169535,0.2187622412933516,0.23574383358142192
13,4,1.46497909322,-0.099917986548,0.23211650813020315,0.1693823067413672,0.21609824683276563,0.2358543656044219
13,3,1.46496928732,-0.0949174935522,0.23331570656277348,0.17334776642812502,0.21412409062286725,0.23294216753861724
13,2,1.46498998915,-0.0899067455968,0.23093075611560937,0.1743434181665547,0.21225725903351567,0.23253421061890625
13,1,1.46500392115,-0.0849139951558,0.23142333911542967,0.17268013327134377,0.21447493110658594,0.23053020089386722
13,0,1.46499275918,-0.0798922319988,0.2308251585579219,0.17160935429853127,0.21506496979632814,0.237678760792086
14,0,1.45998920983,-0.079973325901,0.2358563393905469,0.17201558415538282,0.21538854735919535,0.2355415205036094
14,1,1.46003193587,-0.0850294589661,0.23323058703613286,0.17417478281450002,0.21523150800062502,0.23178293827507815
14,2,1.46000335622,-0.0900863578463,0.2342093382308672,0.17132290858714067,0.2137319239921563,0.23550981656397657
14,3,1.4599224169,-0.0950706639323,0.2344271948744141,0.17296719579089848,0.21815123112603127,0.23652101186814067
14,4,1.45999550397,-0.100062711934,0.23442756495931255,0.16927596901388284,0.21463357416638287,0.23755391881967972
14,5,1.46000844259,-0.105049220129,0.23219484276703906,0.17057163624331254,0.21832443085850003,0.23519709482479692
14,6,1.46002198948,-0.11009548973,0.23476384877035944,0.17128849069158597,0.21758734510244532,0.23137140386801563
14,7,1.46001421517,-0.115057208911,0.23334235267546094,0.17222912314178127,0.21087338823662502,0.23254494308096096
14,8,1.46001056579,-0.120060422554,0.233915367459875,0.1722186374029922,0.21687986613826568,0.23413865201526565
14,9,1.45999634502,-0.125059244021,0.2320973870771172,0.1712186680074141,0.21275008875660156,0.233648906333
14,10,1.46003393104,-0.130064623924,0.23253815819115625,0.1706209808964375,0.2176234900608594,0.23724526801438284
14,11,1.4600170645,-0.13507616316,0.22866164224165622,0.17407066559640627,0.21421254091359376,0.2324812884784297
14,12,1.46002076153,-0.140080923152,0.23566093456417186,0.17119029483186723,0.2154671287192969,0.23423956183090627
14,13,1.46001049224,-0.145089080132,0.2320353361758125,0.17083328626650782,0.21426373599121096,0.2371453450918047
14,14,1.46003270311,-0.150127910446,0.23331545983950783,0.1715295393221016,0.2146598501941719,0.23790093509278126
14,15,1.46002383974,-0.155139734545,0.2358467171831875,0.1713935948027422,0.2135400966531328,0.23729757334669532
14,16,1.46002647402,-0.160112022803,0.23557754210039064,0.17100895323163284,0.21807092270307032,0.23273911429100785
14,17,1.46001750031,-0.165122348118,0.23527530610000005,0.16972081106180473,0.2159755020081172,0.2341745502504141
14,18,1.46002710708,-0.17010481788,0.23177121891996091,0.1733922999775703,0.21236939475774222,0.23480554500225007
14,19,1.46002586357,-0.17511678254,0.23361954626439063,0.174879424461125,0.215622317653375,0.23346176673602348
14,20,1.46002708138,-0.18012168863,0.23291317755490631,0.1729961857746094,0.21361238656996093,0.2339031546582266
14,21,1.46000790585,-0.185133438482,0.23429433439587505,0.17142221470155472,0.21511456117271877,0.23272739493589065
14,22,1.46001809254,-0.190104531317,0.2345693074754141,0.17400627082407813,0.2150835974028828,0.2325970016900078
14,23,1.4600315897,-0.195116627596,0.23277575269595316,0.17103177513370316,0.2163560726453438,0.23112011622197656
14,24,1.46002548774,-0.200120091625,0.234091034425,0.171666100649625,0.21574604937108596,0.2287570007838203
15,24,1.45496165169,-0.200020986971,0.23617029474605472,0.170647627009125,0.2184587716766328,0.23318630020995315
15,23,1.45497572151,-0.194951836666,0.2325483972066797,0.17245820569391407,0.2128170741232188,0.23340218306737498
15,22,1.4549958322,-0.189941986144,0.23435379470289064,0.17234594660805472,0.21890102313026566,0.23330867494970314
15,21,1.45496529238,-0.184941692563,0.23460940000607816,0.1749117452089219,0.2155351009789766,0.23318136574464066
15,20,1.45497946071,-0.179945697915,0.23411188254094534,0.17397678739383599,0.21577849348051564,0.23350815070996095
15,19,1.45493268938,-0.174912741088,0.2351254217161328,0.17293512176636722,0.21460779158512505,0.23406932277762507
15,18,1.45491813858,-0.169930229462,0.23559629306857816,0.1702444811930938,0.2147983853078203,0.23711573829992968
15,17,1.45486364513,-0.164882942383,0.23578108879453125,0.1717214900227578,0.214138030487375,0.23720024101840628
15,16,1.45499590152,-0.159931473557,0.23588557609752345,0.17187692568010157,0.21418367429151566,0.23370133502694532
15,15,1.45496199222,-0.154882161919,0.23317285379197655,0.1729273499835,0.21708205585444534,0.23523274633667968
15,14,1.45501758492,-0.149911612875,0.2310195764912344,0.17186335590049223,0.21407412916157814,0.2328253440723438
15,13,1.4549821353,-0.144874327,0.23402404905838278,0.1712345816580469,0.21632190147305472,0.23377683234622654
15,12,1.45499026114,-0.139924915145,0.2307956751276797,0.17376670253315626,0.21391708980300783,0.23817603153395317
15,11,1.45496262003,-0.134899488601,0.22992523544655472,0.17252395744420315,0.2157839213923594,0.23533970087232808
15,10,1.45500061891,-0.129897332147,0.23360980069539847,0.16926005536325003,0.21740082231363284,0.23156656197112505
15,9,1.45498302527,-0.124893470338,0.23211848191632814,0.1720006573978125,0.21869895677571877,0.23319604577894534
15,8,1.45499325752,-0.11989563526,0.2322628150267188,0.17081194470403124,0.2180448933985469,0.23306676278775784
15,7,1.45499731179,-0.114898276695,0.2327150587726094,0.17343745033517968,0.2172081314431797,0.23377880613235158
15,6,1.45500495268,-0.109901903743,0.23315237576092973,0.16920787339257032,0.21730386007024222,0.2322112498642032
15,5,1.45497358295,-0.104880215169,0.23437624652006256,0.17198153634472657,0.21379286463876562,0.23543111184224222
15,4,1.45500549218,-0.0999133735917,0.23235373255010158,0.1741378976862891,0.21215215492235937,0.2368761700090078
15,3,1.45500790441,-0.0949167669614,0.23463333216284377,0.1718565710106875,0.21761140062084378,0.23379805054707034
15,2,1.45501871954,-0.0899436764971,0.23392375605090626,0.17241564593059375,0.21484735987604692,0.2350657146858516
15,1,1.45501239866,-0.084907353453,0.23393128111050782,0.1699307725608516,0.2169879309286094,0.23675502888558597
15,0,1.45501104506,-0.0798929842003,0.23424474301948442,0.17180562265633595,0.21545084498376563,0.23344881376457813
16,0,1.4499878945,-0.079985790425,0.23100970756060937,0.1748060242896016,0.21394077523650784,0.23568387982787503
16,1,1.45002773493,-0.0850386866426,0.23612773498273437,0.1711635253575469,0.21739724482628126,0.23484181332229687
16,2,1.44998306055,-0.090075721122,0.23317075664421877,0.1744601182711953,0.21492396745002346,0.2350538719691016
16,3,1.4499344146,-0.0951054212477,0.23235373255010158,0.17321058829243752,0.218440884239875,0.23202435699049223
16,4,1.44999485466,-0.100066602916,0.2324129461338516,0.17413172960464846,0.21272714349289848,0.2369572186017656
16,5,1.45001200713,-0.105069699392,0.23309513596330472,0.1711951059355469,0.21362225550058594,0.23630512901071876
16,6,1.45001057148,-0.110058399872,0.23701655554714848,0.1705565861241094,0.21627008958727342,0.23397458104362504
16,7,1.45000914284,-0.115096383282,0.23336492785426563,0.171182523049,0.21633608806082819,0.23513788124104687
16,8,1.45002764317,-0.120051266997,0.23318889080424224,0.1711715438636797,0.2182758263751719,0.237927457843836
16,9,1.45002663376,-0.125059073094,0.23086266049429688,0.17139273127131252,0.21617621138470314,0.23402540603634375
16,10,1.45001622872,-0.130068555452,0.23231795767658597,0.17401897707225783,0.21478851637719534,0.23411866743075
16,11,1.4500211599,-0.135073755538,0.23402774990736724,0.17413345666750785,0.21450244075070315,0.2356374958539375
16,12,1.45001320582,-0.140073237327,0.23650398796281252,0.16922983176321096,0.21352924082944535,0.23482886035085157
16,13,1.45001936737,-0.145103837667,0.23495888351183597,0.17231658653944532,0.2134773055820313,0.23467428822493752
16,14,1.45002436339,-0.150104997603,0.23538682501606253,0.16847411840060159,0.21794460039107033,0.2359081512763282
16,15,1.45003664168,-0.155136774131,0.2325454365274922,0.1724978047780469,0.21753861725748438,0.2327947503874063
16,16,1.45003261704,-0.160097755927,0.22967394780051564,0.1749800875535,0.21432788404027345,0.23613229936314845
16,17,1.45002648856,-0.165117167905,0.23358673207006256,0.17280016414007032,0.21441645769263284,0.23586916900035937
16,18,1.45002294986,-0.170116028202,0.23349470429198438,0.16926918412407815,0.2178967360775391,0.23353405665285157
16,19,1.45003994323,-0.175110169589,0.22978805731086718,0.17447985613244532,0.21454894808627345,0.23080208993258594
16,20,1.45000878827,-0.180115952041,0.22851237466595312,0.17531600127964847,0.21484119179440628,0.23441806611358595
16,21,1.45003106332,-0.185120454716,0.23302395630117187,0.17199374914637502,0.21321491538903908,0.23726093494175
16,22,1.45003134387,-0.190111614141,0.23267200556275786,0.17410977123400784,0.21294425996664845,0.23526457363794534
16,23,1.45003227468,-0.195111895346,0.232045575191336,0.1723725927207422,0.21357106042296875,0.23494790432651563
16,24,1.45002080407,-0.200126931058,0.23533933078742972,0.17145922319139845,0.21717470044068757,0.23105337757862504
17,24,1.4449549684,-0.200014742702,0.23326537501658598,0.17094369492787503,0.21498749869092193,0.2318347501608594
17,23,1.44497257631,-0.19493458904,0.2321770786919141,0.17160750387403906,0.21559961911293754,0.2349395157354844
17,22,1.44500407023,-0.189934389334,0.23093643075071876,0.1747607505703594,0.21457707453855474,0.23300532869461715
17,21,1.44494061362,-0.18492368449,0.23220064076378125,0.17325129763126565,0.21754503206239068,0.2326293224378047
17,20,1.44500027937,-0.179928456005,0.23417775765286725,0.16931186724903127,0.21642675886094534,0.2352197933652344
17,19,1.44493559434,-0.174903822904,0.23506398762299222,0.1691453290447344,0.2160279307020625,0.23642688694230474
17,18,1.44492475106,-0.169949375683,0.23587805103792192,0.1724436490212422,0.21224418270043754,0.23575505949000783
17,17,1.44489328312,-0.164879489728,0.2331175877804766,0.17373191455270315,0.21168979552257813,0.2359544118886328
17,16,1.44495212558,-0.159908359934,0.23464986262164061,0.173059593653875,0.21377991166732033,0.23671444290839064
17,15,1.44497357275,-0.154928551209,0.23398901435466413,0.16967566070419532,0.21837883333857033,0.23370552932246097
17,14,1.44499239205,-0.149887843155,0.2328395306601172,0.17056102714289062,0.21638370565109377,0.23525001696527345
17,13,1.44501180484,-0.144895102068,0.2314773715106016,0.17481453624226567,0.21780557183089067,0.23268902946808595
17,12,1.44499014907,-0.139883034305,0.23266904488357035,0.16996901466702347,0.21034614061798443,0.23586805874566408
17,11,1.44496392216,-0.134893971644,0.23247549048168753,0.17221246932135156,0.21603520903839843,0.23634793549730473
17,10,1.44498788986,-0.12991699344,0.2295384967276875,0.17214918480371877,0.21317506958164065,0.2301594991872656
17,9,1.44497287867,-0.124893333142,0.23522842867953125,0.1744905885945,0.21607431467600002,0.2305897845625157
17,8,1.44499590525,-0.119906951103,0.23617584601953126,0.17179266968489065,0.215456519618875,0.23297115752232816
17,7,1.44498207146,-0.114906765872,0.23430753409058594,0.1715247282184219,0.21717914145946876,0.2355602714717969
17,6,1.44499466788,-0.109891583012,0.2354741650520938,0.1703070255409297,0.21509679709759374,0.23345288469846098
17,5,1.44502010962,-0.104918404274,0.2337710343494844,0.16879041762713282,0.21540853194371096,0.2345063930426797
17,4,1.44501147571,-0.0999123967903,0.23126395588583598,0.17437647908414844,0.2157444456698594,0.23295265327740627
17,3,1.4450280727,-0.0949096549856,0.23209195916527348,0.17352799777366407,0.21488510853568754,0.23409263812622658
17,2,1.44501571715,-0.0899174403,0.23214500466738283,0.17240528355343754,0.21826287340372658,0.23271394851791408
17,1,1.44499300855,-0.0849265114784,0.234452237285875,0.17281336383478127,0.21563564070971877,0.23450972380676566
17,0,1.44501709993,-0.0799110163127,0.23423684787498442,0.1714026002019375,0.21312399786565628,0.23542864460958596
18,0,1.43999355706,-0.0799918837912,0.23374808908578126,0.17218310925274222,0.2154356715029297,0.23479641624142186
18,1,1.44001884911,-0.0850550121973,0.2344027692711172,0.17120448141964068,0.21828828590008595,0.23672887621942967
18,2,1.43996532437,-0.0900741649704,0.2330868707339063,0.1705839724065938,0.2142802664500078,0.23560184434205472
18,3,1.43990351515,-0.0951089376143,0.23451502835697652,0.17194354096182035,0.21630561773752346,0.23388489713657035
18,4,1.44001667928,-0.10008908159,0.23649843668933596,0.1706306031037969,0.2126763185001797,0.23246303095677345
18,5,1.44000688743,-0.105069645601,0.23249794229885942,0.17151893022167972,0.21416257945230469,0.23378139672664067
18,6,1.44001293128,-0.110060989192,0.23392449622070313,0.16888133515051568,0.2176786327107266,0.23261279197900783
18,7,1.44000396333,-0.115063893987,0.2322734241271406,0.16990573014939064,0.21844310474926565,0.23324366336921093
18,8,1.44002029723,-0.120083304067,0.23733001745612503,0.17113342511914068,0.21680005116183598,0.23340847451064847
18,9,1.44002138614,-0.125051265426,0.23266953833010157,0.17403452063799224,0.21355662711192971,0.23686605435511718
18,10,1.44001625137,-0.130085324648,0.23564206023435155,0.16853863653456252,0.21612057528830472,0.23234522059743754
18,11,1.44001949253,-0.135082691065,0.23162170462099224,0.17356290911575,0.21477432978942188,0.234874627516625
18,12,1.44002113243,-0.140084440038,0.23406759571476562,0.1728292774854141,0.21691798488280473,0.23571237636505474
18,13,1.44001216844,-0.145103643627,0.23518278487539063,0.17344189135396096,0.21557494678637507,0.23699817466385942
18,14,1.44003350112,-0.150098397173,0.23265769561335156,0.17358030310597655,0.21393115302914847,0.23252335479521874
18,15,1.44001693322,-0.155095373605,0.23583425765827348,0.16864596115510938,0.21687998949989845,0.2355967865151094
18,16,1.44002946741,-0.16011131476,0.23236310803419533,0.17100882987000005,0.21560837778886718,0.23661871428132816
18,17,1.44003325233,-0.165118717676,0.233431173051086,0.17223899207240628,0.21591665850926564,0.233317310264
18,18,1.44003062103,-0.170124477082,0.23251015510050782,0.1722572495940625,0.21584560220876564,0.2328444651254297
18,19,1.44000804673,-0.175113458404,0.23605137413202343,0.1747934414030547,0.21455881701689847,0.23460952336771093
18,20,1.44003158214,-0.180133167384,0.23222679342993752,0.17310684115924221,0.21373537811787502,0.23249115740905468
18,21,1.4400244659,-0.185102518267,0.23215980806332032,0.1728031248192578,0.21350900952166413,0.2331750743013672
18,22,1.44001658732,-0.190132673369,0.23391191333415623,0.17274045710978908,0.21579835470339845,0.23726340217440628
18,23,1.44002050844,-0.195115800926,0.23431098821630472,0.17240960121058593,0.2166060033134219,0.23702741137083594
18,24,1.44001162721,-0.200126286793,0.2319234471748516,0.1745464714141641,0.21389957245114846,0.23408017860131256
19,24,1.43495563012,-0.200021534106,0.23632906116748437,0.17191418089321095,0.2172371214268906,0.23443669372014062
19,23,1.43497219551,-0.194958186146,0.2359072877448985,0.171814134609,0.21496652721334378,0.23295018604475004
19,22,1.4350199467,-0.189929803081,0.23388391024350783,0.1744852840442891,0.21588532465453128,0.2335022293515859
19,21,1.43495751913,-0.184942748315,0.23350025556546097,0.16918776544642192,0.21386478447069535,0.2316444031614297
19,20,1.43496419247,-0.179929340057,0.23064640755197657,0.1747292933539922,0.21371884765907817,0.23641319380106252
19,19,1.43492247202,-0.174922741675,0.23572569942139845,0.1722035872837891,0.21446555562249223,0.23643712595782812
19,18,1.43489539059,-0.169916872625,0.2376498941700078,0.1714106187080703,0.21414432193064847,0.23436674767433593
19,17,1.43494618544,-0.164921382086,0.23179959209550782,0.17098169031078128,0.21502463054239845,0.2334383280257891
19,16,1.43499468492,-0.159939612375,0.2345454986802813,0.17270665602239843,0.2134310449697266,0.2330253132791328
19,15,1.43495722098,-0.154922912743,0.23504869078052346,0.1702636022461797,0.2131273286297422,0.23514454276921878
19,14,1.43500565631,-0.149936302621,0.23539916117934379,0.17098255384221098,0.21446333511310156,0.23203003162560157
19,13,1.43496616,-0.144874042467,0.23000418689155472,0.1720232325766172,0.2171695192521094,0.23796520650347658
19,12,1.435010766,-0.139885730969,0.2378393776380078,0.17227538375408594,0.2158711380667578,0.23145195901424223
19,11,1.43499286419,-0.134880335013,0.23541014036466407,0.1720361855480625,0.2151177685751719,0.2365777582192344
19,10,1.43497783823,-0.129906533495,0.23268495853420315,0.1709443117360391,0.21456769905446094,0.23515885271862502
19,9,1.43499560809,-0.124915871846,0.23261427231860154,0.17064552986136722,0.21795780008578128,0.23531490518413284
19,8,1.43499070563,-0.119902129274,0.2312218895690469,0.17371982511268752,0.21726056013712505,0.23392437285907036
19,7,1.43498419682,-0.114890434277,0.23044717851498442,0.1737067487796094,0.21617004330306253,0.2356716670262266
19,6,1.43500479995,-0.109917187599,0.2341046042046094,0.17148007130734375,0.21518709781281253,0.23423055643171095
19,5,1.43501737416,-0.104922309074,0.23359203662027345,0.17403328702166407,0.21310500017420314,0.2382250061021797
19,4,1.43501507763,-0.0999113756717,0.23024301501267969,0.17200485169332813,0.21168190037807816,0.2339684129619844
19,3,1.43501261255,-0.0949191799357,0.23068477301978127,0.1725388842017735,0.21753812381095314,0.2337577112931406
19,2,1.4350201588,-0.0899199063754,0.2339665625374922,0.17412963245689064,0.21439240217423441,0.2331200550131328
19,1,1.43500249163,-0.0849101685114,0.23523521356933594,0.16951109628602343,0.21693624240446097,0.23521066460440626
19,0,1.43499239575,-0.0798964841774,0.23414728732956253,0.1711012277329766,0.21572113032125784,0.23350333960628125
20,0,1.42997809283,-0.0799770069359,0.2327082738828047,0.1694966629749844,0.2187672991202969,0.23703000196512497
20,1,1.43001560445,-0.0850614077197,0.23596761158334378,0.17250236915846096,0.21449183165028124,0.23400073370978128
20,2,1.42995961612,-0.090059075552,0.23646130483785938,0.1721679357719063,0.21726253392325004,0.23066959953894534
20,3,1.42991289761,-0.095093558391,0.23334395637668753,0.17252617795359376,0.21522065217693748,0.23455709467376568
20,4,1.42999200194,-0.10007318821,0.23204101081092193,0.1712050982278047,0.2169203287538281,0.2359739030266172
20,5,1.43001777312,-0.105065543084,0.23628452761803906,0.17032121212870316,0.2144950390527344,0.23244465007348442
20,6,1.43000645281,-0.110081595373,0.2354188990405938,0.1715049903571719,0.21454500051402348,0.2358681821072969
20,7,1.43002175071,-0.11506086232,0.23461593817261722,0.16874033280421094,0.218598787129875,0.23350716381689848
20,8,1.43000909861,-0.120070385396,0.23496616184817193,0.17209971678896097,0.21359486921810156,0.23210454205182032
20,9,1.43002241411,-0.125074437988,0.23610947746107813,0.17276883028533593,0.21423585626219532,0.2371591615946797
20,10,1.4300200261,-0.130058200276,0.23074990796190628,0.17079121994971874,0.21615820058631252,0.23492754965710158
20,11,1.43000385492,-0.135093259991,0.2314420900836172,0.17248756576252347,0.21518746789771098,0.23442078006950787
20,12,1.43001382389,-0.140102929289,0.23160961518097656,0.1728481518152344,0.21482663512173442,0.2375446666972188
20,13,1.43003273688,-0.145114944585,0.23516329373740624,0.16939192894872662,0.21882614261914846,0.2338557837912266
20,14,1.43002700365,-0.15008532793,0.23235916046194532,0.17195081929815625,0.21384048222903126,0.2373692464553594
20,15,1.43002751894,-0.155119685655,0.23350630028546876,0.17067908422549222,0.21597685898607813,0.23431197510936724
20,16,1.43002126555,-0.160104047161,0.23669149764468753,0.17308772010615628,0.21583857059569533,0.23686556090858596
20,17,1.43004992084,-0.165120626212,0.23230574487493755,0.17169842139742192,0.21562293446153907,0.23401010919387505
20,18,1.43001353586,-0.170117553891,0.2341546890275313,0.17254418875198438,0.2153458642342422,0.22897362381103908
20,19,1.43002728092,-0.175131602455,0.23116933751346877,0.17228105838919533,0.21221346565386723,0.2333672717252891
20,20,1.43003140262,-0.180117243184,0.23637211437733593,0.1677845268731797,0.2145849696830547,0.23400529809019535
20,21,1.4300359616,-0.185133169487,0.23659280833843752,0.17252136684991407,0.21512874776049218,0.23358981611088278
20,22,1.43001871775,-0.190125335473,0.23359869814844533,0.175586039893875,0.21190432140203908,0.2319854980761563
20,23,1.43001970739,-0.195150466167,0.235654273036,0.1722797014112344,0.21345115291587505,0.23576406488920312
20,24,1.43003523225,-0.200107334325,0.23660255390742968,0.17251815944746096,0.21509494667310158,0.23611589226598437
21,24,1.42495265505,-0.200027264191,0.23627601566537507,0.17210280082978127,0.21738330496177344,0.23161812713364066
21,23,1.42497556248,-0.19492543927,0.23021932957917973,0.17418304804389845,0.21414530882371094,0.23267410271051564
21,22,1.42501550433,-0.189940186636,0.23453575311128905,0.17214721101759375,0.21342463016482033,0.23414111924792191
21,21,1.42495571284,-0.184910531525,0.23426176692481251,0.1692736251428594,0.21564415266238285,0.23365828181709375
21,20,1.42496890764,-0.179965539681,0.23545837476309378,0.17075593852273438,0.21415641137066407,0.23316952302789065
21,19,1.42487541268,-0.174901467999,0.23521572243135158,0.17302640937464847,0.21655184755661722,0.2325898467153047
21,18,1.42490084069,-0.169926068871,0.2319729151896094,0.17101117374102345,0.21658466175094532,0.23315755694950785
21,17,1.42496076577,-0.164917556269,0.23335542900853906,0.17347507563318754,0.21527616491170312,0.2340999164625625
21,16,1.42502129753,-0.159962938756,0.23488437308561722,0.17191023332096095,0.21660810046117968,0.23229538249778128
21,15,1.42493807901,-0.154900842045,0.23349421084545313,0.17065083441157813,0.2140943604693594,0.237454365982
21,14,1.42499979,-0.149955312762,0.23358599190026563,0.1689695387179766,0.2161865737618594,0.2312613652915469
21,13,1.42494391803,-0.144884786092,0.23423536753539062,0.1732173731822422,0.21502722113668754,0.23291009351408593
21,12,1.42499941398,-0.139910256165,0.23188915264092974,0.172100333597125,0.2166061266750547,0.23589630855957813
21,11,1.42499331361,-0.134880110032,0.23158037847400004,0.17304713412896094,0.21616658917734374,0.2349100323052422
21,10,1.42501338364,-0.129900690352,0.2327868552429063,0.17177120476078125,0.21375067496034378,0.23506941553483598
21,9,1.4249793332,-0.124913075011,0.23233140409456254,0.17347803631237502,0.21443755253184377,0.2339354754060235
21,8,1.42498299088,-0.119905979016,0.2321001010330391,0.17271985571710938,0.21286999626369535,0.23275120373102345
21,7,1.42499471232,-0.114917437459,0.23457806615134377,0.1720152140704844,0.2149955171970547,0.2335540412373672
21,6,1.42500600887,-0.109914549246,0.2327326994861016,0.17078307808195314,0.21674022076992192,0.2319631696206172
21,5,1.42500609732,-0.104916675664,0.23274022454570314,0.17013209874560156,0.21786293499014847,0.23330312367622658
21,4,1.42500980526,-0.099931047996,0.2321466083686094,0.1740139192453125,0.21606111498128908,0.23606000944632033
21,3,1.42502369191,-0.0949196300849,0.23105140379250005,0.17438005657150002,0.21712362872470314,0.2319243107062813
21,2,1.42500614339,-0.0899043484095,0.23237926840809378,0.1734787764821719,0.21191122965347656,0.2370290150720625
21,1,1.42499840813,-0.0849008108187,0.23528147418164064,0.17203470520846878,0.21395890939653128,0.2322233393042188
21,0,1.42498474402,-0.0798862294188,0.23627749600496878,0.17172901508235935,0.21506040541591412,0.23865344105293756
22,0,1.41997510163,-0.0799849269972,0.23089300745596875,0.1694523761488047,0.2141803435274297,0.2382646051863125
22,1,1.41998949501,-0.0850795653591,0.23566895307030472,0.17224182938996094,0.21407116848239066,0.2325951512655156
22,2,1.41990819982,-0.0900652886735,0.2323439869811094,0.1722915441279844,0.21910444646277344,0.23689689476332032
22,3,1.41988315775,-0.0951152773572,0.23363175906603906,0.17007214499205467,0.2155781541888281,0.23374130419597655
22,4,1.42000785935,-0.100065949103,0.234018004338375,0.1718532402466016,0.21451304985112504,0.23635200643118753
22,5,1.42001534782,-0.105063773561,0.2366071182878438,0.17366579271751564,0.21145910926921876,0.23620273885548437
22,6,1.4200202856,-0.110063199894,0.2340638948657813,0.17260216871940628,0.21363496174876562,0.2345506798688594
22,7,1.42001281745,-0.115072720998,0.2311000082758282,0.17507038826871874,0.21216350419257815,0.23824733455771874
22,8,1.42000769213,-0.120062985497,0.2333219980060469,0.17253123578053908,0.21451243304296094,0.23385121941081252
22,9,1.42002527954,-0.125084349913,0.2321800393711016,0.17282508318989845,0.21581439171566408,0.23517414956109378
22,10,1.42001893501,-0.130096001609,0.23629020225314848,0.17128145907851564,0.21502894819954688,0.23639185223858594
22,11,1.42002286645,-0.135075826665,0.23380693258463286,0.1724376043012344,0.21550771469649224,0.23672061099003128
22,12,1.4200342691,-0.140066298613,0.23501809709558602,0.1731908504311875,0.2168713541856016,0.23678414223092972
22,13,1.42001903215,-0.145108927844,0.23429803524485937,0.17171285470846098,0.21305072105576567,0.23264474264190627
22,14,1.42002917107,-0.150101451893,0.23263339337168754,0.17209441223875002,0.21724711371914845,0.2316467470324531
22,15,1.42002639096,-0.155109624969,0.23223394840464065,0.17329681807377345,0.21411027411999223,0.23739268516559378
22,16,1.4200305045,-0.160097170934,0.23476643936464842,0.17267976318644535,0.2161393262564922,0.23283558308786723
22,17,1.42002153485,-0.165102882426,0.23304850526610163,0.17151017154575002,0.217526404455836,0.23235027842438286
22,18,1.42002674181,-0.170120369988,0.23276785755145318,0.17321873016020314,0.21436822329420316,0.23505646256339063
22,19,1.42003430265,-0.175112570343,0.23095111078502345,0.17267519880603127,0.21613143111199218,0.23294364787821092
22,20,1.42002670196,-0.180126907322,0.2361108344390391,0.16988414186364845,0.21732322784659375,0.2317111418047813
22,21,1.42001951715,-0.185119127774,0.2331138869314922,0.17336614731141406,0.2148822712181328,0.23298670108806255
22,22,1.42000913109,-0.1901375493,0.23239357835750002,0.17201052632843752,0.21759561033184377,0.23324526707043752
22,23,1.42004702521,-0.195121856561,0.23603558384302348,0.1721139033767344,0.21439375915219533,0.23172804234847658
22,24,1.42002448541,-0.200138885431,0.2325042337421328,0.17468488316617972,0.21319863165350786,0.23418133514021874
23,24,1.4149573841,-0.200018709765,0.23262796545984382,0.17043482819252345,0.21385047452128908,0.2357053447519844
23,23,1.41498126373,-0.194947935987,0.2340197314012344,0.17175714153464064,0.2156536515081094,0.2355069792464219
23,22,1.41502394666,-0.189948447719,0.23297991619825784,0.1739878899407891,0.21505744473672656,0.23289467330998442
23,21,1.4149499391,-0.184936379157,0.23671851384227346,0.17366209186853127,0.21215437543175,0.23712116621177343
23,20,1.41502626639,-0.179937584059,0.23340674744778908,0.17373265472250005,0.21454808455484375,0.23290441887897656
23,19,1.41492854074,-0.174916007075,0.23028964570988286,0.17249583099192192,0.21502771458321882,0.234179854800625
23,18,1.41496807656,-0.169934144841,0.23600807419890626,0.17183769668086718,0.216143397190375,0.23591888373838282
23,17,1.41486187187,-0.16490659091,0.23279401021760943,0.1751585918361797,0.21498281094887503,0.2339827229113906
23,16,1.41494069284,-0.159940482443,0.23317865178871874,0.17195550704020315,0.2138033503775547,0.23281498169518752
23,15,1.41495602177,-0.154881683744,0.23099626114263277,0.17470573128212502,0.2141367968710469,0.2354034788364922
23,14,1.41499658147,-0.14992689795,0.23408992417030472,0.16915741848475002,0.21581402163076566,0.23434861351431255
23,13,1.41496310034,-0.14492686899,0.23494050262854688,0.17260389578226568,0.21823190963389066,0.23327129637496094
23,12,1.41497842774,-0.139915888825,0.23377646226132814,0.16854529806273438,0.21859434611109374,0.23401035591714062
23,11,1.4149921933,-0.134914434828,0.23298978512888285,0.17187199121478908,0.2160661728082344,0.2341694924234688
23,10,1.41500867983,-0.129890183066,0.23100625343489062,0.17240688725466408,0.21778398354514844,0.23047542832889847
23,9,1.41500704221,-0.124890010107,0.23323601494797655,0.17328879956764065,0.21336689692066407,0.23423290030273441
23,8,1.41499330989,-0.11991813178,0.23667138969853907,0.17445654078384376,0.2183569983295625,0.23674454314679688
23,7,1.41501096293,-0.114916227051,0.23178059440405474,0.17209169828282814,0.21714361330921875,0.23101217479326563
23,6,1.4149995902,-0.109918803963,0.23215030921759378,0.17137916149170315,0.21412779147185157,0.23213957675553906
23,5,1.4150110331,-0.104917506884,0.2343682280139297,0.17060334018294532,0.21576196302171877,0.23513270005246878
23,4,1.41501467231,-0.0999145879121,0.23555755751587504,0.17194391104671877,0.21732668197231253,0.2339359688525547
23,3,1.41500208945,-0.0949079868218,0.2368196703811797,0.17110591547502343,0.21529713638928127,0.2335325763132578
23,2,1.41499056579,-0.0899008755927,0.23407808145355471,0.17003970088262504,0.2170894575524141,0.23428816631423444
23,1,1.4150045273,-0.0848778336964,0.2346227230624219,0.1721919912903047,0.2175415779366719,0.2330335785085313
23,0,1.41499036641,-0.0798935999123,0.23383123482629692,0.17395297859870315,0.21296239412667192,0.2373038647899688
24,0,1.40997466611,-0.0799713903091,0.2330394998669063,0.1730782212604297,0.21500279553339063,0.23392227571131255
24,1,1.41000383477,-0.0850898947482,0.23325575280922659,0.17324241559370315,0.21509988113841408,0.23360684001621096
24,2,1.40994910123,-0.0900478604021,0.22956723998813286,0.17546391187739066,0.21487746011445313,0.23462222961589063
24,3,1.40992017077,-0.0950927246419,0.23442842849074222,0.17213734208696876,0.2151704439923828,0.23561109646451567
24,4,1.41000772307,-0.100085395428,0.2337878115315469,0.1681615200230547,0.2158807602741172,0.235256925216711
24,5,1.41000542015,-0.105069065561,0.23192665457730471,0.17108494399744534,0.21594133083582817,0.2329361228186094
24,6,1.41001272634,-0.11004810206,0.23285852835157028,0.17299112794766408,0.21385306511557817,0.23365285390525004
24,7,1.41001027641,-0.115067349855,0.23519845180275784,0.17419155999656252,0.21793670524657033,0.23522361757585158
24,8,1.41001520129,-0.12006972596,0.2325496308230078,0.17441237731929693,0.2166872986294453,0.23433294658694534
24,9,1.4100143981,-0.125079972772,0.23159333144544533,0.17373672565638282,0.21557136929902346,0.23847197609107038
24,10,1.41001781253,-0.130111943001,0.23572286210384377,0.17243378009061722,0.21742450774713284,0.23328067185905468
24,11,1.41004171111,-0.135060245935,0.23402429578164846,0.17238764283994532,0.2167991876304063,0.23194256822793755
24,12,1.41002691534,-0.140079587997,0.23264042498475784,0.1712740573805469,0.2172782008506172,0.2341086751384922
24,13,1.41001961638,-0.145078051361,0.23649152843789842,0.16833521320205472,0.21724390631669532,0.23457868295950784
24,14,1.41002324869,-0.15011277905,0.2346531933857266,0.17107902263907032,0.21454179311157034,0.2301760296460625
24,15,1.41003348826,-0.155101255318,0.23264943038395317,0.17104435802025003,0.21893975868296875,0.23592283131063288
24,16,1.41002183429,-0.160115418694,0.23374525176822658,0.17302307861056251,0.21671073733967972,0.2355585444089375
24,17,1.41002854389,-0.165101889624,0.2327444188412188,0.1713391923226719,0.21297263314219536,0.23010324628270315
24,18,1.4100261358,-0.170111369802,0.23665843672709377,0.17396975578076562,0.21604705175514843,0.23890472869897658
24,19,1.41003844294,-0.175154729882,0.23152313867637503,0.17186693338784378,0.21503055190077344,0.2369715285511719
24,20,1.41002859631,-0.180117888612,0.23214845879310161,0.17255652491526563,0.2156041834933516,0.23621088072325006
24,21,1.41002772154,-0.185118653399,0.23246290759514063,0.17395199170564063,0.2135446610335469,0.23583228387214844
24,22,1.41001149737,-0.190114316453,0.2347274570886797,0.16984145873869533,0.21494358194964064,0.23822327903932033
24,23,1.41003296711,-0.195125467289,0.23268865938318753,0.1743985608164219,0.21432887093333597,0.23563983972496097
24,24,1.41002164564,-0.200134317538,0.23381433428260157,0.17234471299172655,0.21452970367155472,0.23730263117364067
